Words,Frequency Count
astrid,3
music,3
ad,1
coachella,1
pattice,2
food,11
chole,2
chutney,4
foodporn,7
streetfood,5
indiancuisine,4
foodie,12
mumbai,2
mumbaifood,4
mumbaistreetfood,3
sanjyotkeer,2
recipes,2
soup,1
souplover,1
foodphotography,7
white,1
brightaesthetic,1
brightandairy,1
foodpost,1
noodlesüçú,2
noodleslover,2
spicyfood,2
spicy,2
spicynoodles,2
vegrecipes,2
vegetarianrecipes,2
veg,3
foodstagram,4
foodlover,2
noodlelover,2
sandwich,1
mumbaidiaries,1
recipe,1
crispy,1
veglover,1
LoveMadeEdible,1
MorphyRichards,1
MumbaiFoodie,10
Notsosalty,1
Eclat,1
Zenmai,2
standwithstreetfoodvendors,1
IRTA2021,3
OutlookRT,3
standwithstreetvendors,1
namakwali,1
uttarakhand,1
villageempowerment,1
himalayas,1
pahadinamak,1
pisyulun,1
DFWinUttarakhand,1
DFWinDehradun,1
newvideotoday,3
DFWinGoa,5
GoaFoodTour,5
GoaFood,5
Goancuisine,5
GoanFood,5
FoodTour,5
FoodWalks,5
TravelforFood,5
goastreetfood,5
walkwithanubhav,5
desserts,2
atbuzz,1
atbuzzofficial,1
bloggersmela,1
influencermarketing,1
influencermarketingagency,1
brands,1
bloggers,1
influencer,1
prmanagement,1
publicrelationsagency,1
publicrelationmanagement,1
collaboration,1
collabs,1
beautybloggers,1
fashionblogger,1
travelblogger,1
foodblogger,9
lifestyleblogger,2
megaevent,1
event2021,1
workshops,1
paneldiscussion,1
livemusic,1
openmic,1
funsession,1
dehradunfoodblogger,7
dehradunfoodie,11
dehradunfood,7
dehradunblogger,7
bloggerstyle,5
cocktails,2
bloggersofinstagram,3
fashion,1
fashionstyle,1
lifestyle,2
lifestylephotography,1
lifestylebloggers,1
foodblog,2
foodblogfeed,4
foodbloggeritaliani,1
dehradunrestaurants,5
dehraduncafes,1
mocktails,1
foodexplorer,6
redwine,1
whitewine,1
jackdaniels,1
brandy,1
vodka,1
vodkaüç∏,1
sulavineyards,1
valentine,2
valentineweek,1
johnywalker,1
lifestyleblogging,1
bloggerlife,1
bloggerfashion,1
fashionista,1
fashionbloggerindia,1
lifestyleblog,1
2021,5
2021goals,3
foodbloggers,3
foodismedicine,3
reels,3
reelsinstagram,3
reelitfeelit,3
reel,3
reÃÅel,3
reelsvideo,3
reelkarofeelkaro,3
reeltoreel,2
reelpancing,2
reelitin,2
reelkrofeelkro,2
reelkaro,2
reelkarofeelkaro‚ù§,2
reelinstagram,2
instagram,2
instadaily,2
foodiesofinstagram,2
foodinsta,2
foodislife,4
foodies,2
foodindia,2
waffles,3
momos,1
followforfollowback,2
likeforlikes,2
foodiesince96,4
curlytales,2
waffle,2
tandoorim,1
foodspotting,2
blog,2
foodtalkindia,2
foodintheair,2
bubblewaffle,1
foodpornsabah,2
corn,3
ndtvfood,2
dehradun,2
foodreels,3
foodnetwork,2
strawberry,1
oreoshake,1
shakes,1
dahikesholey,1
northindianfood,1
reelsindia,1
reelitfeelit‚ù§Ô∏è‚ù§Ô∏è,1
reelsinsta,1
reelmower,1
foodreel,1
food#foodexplorer,1
foodeatingvideo,1
girlwhotravels,1
